t_s,counts,flag
0,8,SAA
1,8,SAA
2,9,SAA
3,8,SAA
4,11,SAA
5,2,SAA
6,12,SAA
7,8,SAA
8,4,SAA
9,9,SAA
10,12,SAA
11,14,SAA
12,17,SAA
13,16,SAA
14,10,SAA
15,10,SAA
16,15,SAA
17,14,SAA
18,15,SAA
19,24,SAA
20,22,SAA
21,18,SAA
22,13,SAA
23,20,SAA
24,18,SAA
25,25,SAA
26,21,SAA
27,24,SAA
28,15,SAA
29,21,SAA
30,17,SAA
31,27,SAA
32,27,SAA
33,39,SAA
34,32,SAA
35,28,SAA
36,39,SAA
37,29,SAA
38,27,SAA
39,29,SAA
40,24,SAA
41,24,SAA
42,29,SAA
43,37,SAA
44,29,SAA
45,35,SAA
46,41,SAA
47,32,SAA
48,32,SAA
49,30,SAA
50,46,SAA
51,38,SAA
52,44,SAA
53,37,SAA
54,45,SAA
55,53,SAA
56,33,SAA
57,34,SAA
58,44,SAA
59,37,SAA
60,44,SAA
61,36,SAA
62,36,SAA
63,50,SAA
64,40,SAA
65,51,SAA
66,38,SAA
67,61,SAA
68,44,SAA
69,45,SAA
70,53,SAA
71,42,SAA
72,65,SAA
73,51,SAA
74,60,SAA
75,47,SAA
76,56,SAA
77,56,SAA
78,52,SAA
79,59,SAA
80,55,SAA
81,50,SAA
82,65,SAA
83,43,SAA
84,49,SAA
85,55,SAA
86,73,SAA
87,55,SAA
88,50,SAA
89,45,SAA
90,45,SAA
91,67,SAA
92,59,SAA
93,74,SAA
94,45,SAA
95,58,SAA
96,67,SAA
97,48,SAA
98,67,SAA
99,76,SAA
100,82,SAA
101,76,SAA
102,76,SAA
103,70,SAA
104,80,SAA
105,68,SAA
106,65,SAA
107,71,SAA
108,65,SAA
109,69,SAA
110,70,SAA
111,88,SAA
112,70,SAA
113,85,SAA
114,84,SAA
115,79,SAA
116,83,SAA
117,82,SAA
118,66,SAA
119,64,SAA
120,64,SAA
121,88,SAA
122,88,SAA
123,99,SAA
124,83,SAA
125,84,SAA
126,83,SAA
127,81,SAA
128,90,SAA
129,83,SAA
130,101,SAA
131,72,SAA
132,89,SAA
133,93,SAA
134,81,SAA
135,94,SAA
136,83,SAA
137,76,SAA
138,106,SAA
139,85,SAA
140,90,SAA
141,98,SAA
142,77,SAA
143,94,SAA
144,93,SAA
145,101,SAA
146,91,SAA
147,86,SAA
148,101,SAA
149,87,SAA
150,98,SAA
151,82,SAA
152,99,SAA
153,98,SAA
154,87,SAA
155,114,SAA
156,102,SAA
157,71,SAA
158,84,SAA
159,105,SAA
160,110,SAA
161,106,SAA
162,92,SAA
163,78,SAA
164,106,SAA
165,84,SAA
166,110,SAA
167,103,SAA
168,123,SAA
169,104,SAA
170,90,SAA
171,100,SAA
172,89,SAA
173,97,SAA
174,102,SAA
175,108,SAA
176,102,SAA
177,108,SAA
178,105,SAA
179,108,SAA
180,113,SAA
181,111,SAA
182,116,SAA
183,105,SAA
184,104,SAA
185,126,SAA
186,109,SAA
187,103,SAA
188,109,SAA
189,87,SAA
190,105,SAA
191,104,SAA
192,124,SAA
193,99,SAA
194,97,SAA
195,121,SAA
196,118,SAA
197,109,SAA
198,113,SAA
199,101,SAA
200,100,SAA
201,110,SAA
202,122,SAA
203,113,SAA
204,89,SAA
205,108,SAA
206,118,SAA
207,98,SAA
208,128,SAA
209,121,SAA
210,125,SAA
211,113,SAA
212,112,SAA
213,117,SAA
214,131,SAA
215,135,SAA
216,131,SAA
217,118,SAA
218,103,SAA
219,138,SAA
220,108,SAA
221,109,SAA
222,140,SAA
223,114,SAA
224,127,SAA
225,120,SAA
226,138,SAA
227,135,SAA
228,129,SAA
229,123,SAA
230,115,SAA
231,131,SAA
232,107,SAA
233,132,SAA
234,133,SAA
235,125,SAA
236,143,SAA
237,98,SAA
238,129,SAA
239,133,SAA
240,132,SAA
241,99,SAA
242,128,SAA
243,131,SAA
244,122,SAA
245,131,SAA
246,139,SAA
247,139,SAA
248,128,SAA
249,118,SAA
250,114,SAA
251,121,SAA
252,119,SAA
253,112,SAA
254,130,SAA
255,145,SAA
256,112,SAA
257,106,SAA
258,132,SAA
259,125,SAA
260,136,SAA
261,120,SAA
262,118,SAA
263,146,SAA
264,136,SAA
265,133,SAA
266,119,SAA
267,115,SAA
268,121,SAA
269,139,SAA
270,127,SAA
271,139,SAA
272,131,SAA
273,129,SAA
274,112,SAA
275,120,SAA
276,128,SAA
277,123,SAA
278,113,SAA
279,106,SAA
280,119,SAA
281,126,SAA
282,144,SAA
283,130,SAA
284,124,SAA
285,140,SAA
286,121,SAA
287,121,SAA
288,136,SAA
289,124,SAA
290,104,SAA
291,137,SAA
292,104,SAA
293,150,SAA
294,119,SAA
295,114,SAA
296,121,SAA
297,133,SAA
298,134,SAA
299,140,SAA
300,129,SAA
301,142,SAA
302,141,SAA
303,120,SAA
304,124,SAA
305,138,SAA
306,138,SAA
307,146,SAA
308,115,SAA
309,137,SAA
310,115,SAA
311,146,SAA
312,134,SAA
313,104,SAA
314,123,SAA
315,143,SAA
316,133,SAA
317,145,SAA
318,133,SAA
319,126,SAA
320,137,SAA
321,127,SAA
322,130,SAA
323,126,SAA
324,117,SAA
325,119,SAA
326,137,SAA
327,125,SAA
328,137,SAA
329,139,SAA
330,112,SAA
331,143,SAA
332,111,SAA
333,137,SAA
334,125,SAA
335,132,SAA
336,125,SAA
337,150,SAA
338,117,SAA
339,124,SAA
340,115,SAA
341,122,SAA
342,118,SAA
343,119,SAA
344,115,SAA
345,126,SAA
346,100,SAA
347,126,SAA
348,118,SAA
349,135,SAA
350,105,SAA
351,119,SAA
352,108,SAA
353,129,SAA
354,113,SAA
355,112,SAA
356,128,SAA
357,118,SAA
358,121,SAA
359,134,SAA
360,147,SAA
361,140,SAA
362,116,SAA
363,112,SAA
364,122,SAA
365,130,SAA
366,138,SAA
367,123,SAA
368,114,SAA
369,144,SAA
370,131,SAA
371,121,SAA
372,123,SAA
373,107,SAA
374,146,SAA
375,146,SAA
376,122,SAA
377,112,SAA
378,105,SAA
379,114,SAA
380,118,SAA
381,120,SAA
382,127,SAA
383,106,SAA
384,113,SAA
385,113,SAA
386,122,SAA
387,128,SAA
388,136,SAA
389,121,SAA
390,95,SAA
391,102,SAA
392,120,SAA
393,134,SAA
394,123,SAA
395,120,SAA
396,114,SAA
397,109,SAA
398,120,SAA
399,129,SAA
400,118,SAA
401,136,SAA
402,121,SAA
403,114,SAA
404,112,SAA
405,109,SAA
406,106,SAA
407,109,SAA
408,94,SAA
409,115,SAA
410,100,SAA
411,123,SAA
412,114,SAA
413,102,SAA
414,102,SAA
415,125,SAA
416,109,SAA
417,132,SAA
418,99,SAA
419,104,SAA
420,120,SAA
421,104,SAA
422,118,SAA
423,106,SAA
424,109,SAA
425,122,SAA
426,112,SAA
427,103,SAA
428,95,SAA
429,96,SAA
430,105,SAA
431,93,SAA
432,114,SAA
433,88,SAA
434,87,SAA
435,88,SAA
436,103,SAA
437,87,SAA
438,92,SAA
439,103,SAA
440,109,SAA
441,95,SAA
442,97,SAA
443,81,SAA
444,95,SAA
445,92,SAA
446,106,SAA
447,93,SAA
448,102,SAA
449,94,SAA
450,82,SAA
451,78,SAA
452,94,SAA
453,71,SAA
454,90,SAA
455,101,SAA
456,79,SAA
457,100,SAA
458,100,SAA
459,86,SAA
460,82,SAA
461,88,SAA
462,87,SAA
463,79,SAA
464,94,SAA
465,71,SAA
466,76,SAA
467,83,SAA
468,73,SAA
469,83,SAA
470,96,SAA
471,75,SAA
472,77,SAA
473,84,SAA
474,92,SAA
475,51,SAA
476,83,SAA
477,74,SAA
478,87,SAA
479,81,SAA
480,72,SAA
481,73,SAA
482,82,SAA
483,90,SAA
484,67,SAA
485,75,SAA
486,92,SAA
487,67,SAA
488,66,SAA
489,66,SAA
490,65,SAA
491,64,SAA
492,83,SAA
493,68,SAA
494,67,SAA
495,73,SAA
496,57,SAA
497,58,SAA
498,75,SAA
499,48,SAA
500,69,SAA
501,67,SAA
502,64,SAA
503,55,SAA
504,57,SAA
505,75,SAA
506,61,SAA
507,62,SAA
508,77,SAA
509,60,SAA
510,61,SAA
511,60,SAA
512,62,SAA
513,57,SAA
514,47,SAA
515,64,SAA
516,51,SAA
517,64,SAA
518,59,SAA
519,54,SAA
520,58,SAA
521,57,SAA
522,60,SAA
523,54,SAA
524,50,SAA
525,50,SAA
526,47,SAA
527,58,SAA
528,44,SAA
529,60,SAA
530,39,SAA
531,49,SAA
532,47,SAA
533,46,SAA
534,43,SAA
535,56,SAA
536,47,SAA
537,50,SAA
538,48,SAA
539,47,SAA
540,43,SAA
541,37,SAA
542,36,SAA
543,40,SAA
544,63,SAA
545,44,SAA
546,43,SAA
547,38,SAA
548,54,SAA
549,42,SAA
550,47,SAA
551,28,SAA
552,43,SAA
553,36,SAA
554,36,SAA
555,33,SAA
556,51,SAA
557,27,SAA
558,48,SAA
559,39,SAA
560,24,SAA
561,31,SAA
562,33,SAA
563,28,SAA
564,26,SAA
565,19,SAA
566,32,SAA
567,36,SAA
568,12,SAA
569,21,SAA
570,21,SAA
571,18,SAA
572,19,SAA
573,31,SAA
574,24,SAA
575,26,SAA
576,19,SAA
577,16,SAA
578,29,SAA
579,23,SAA
580,14,SAA
581,20,SAA
582,16,SAA
583,19,SAA
584,23,SAA
585,9,SAA
586,15,SAA
587,13,SAA
588,12,SAA
589,13,SAA
590,13,SAA
591,16,SAA
592,12,SAA
593,16,SAA
594,8,SAA
595,9,SAA
596,6,SAA
597,8,SAA
598,5,SAA
599,10,SAA
600,4,BG
601,6,BG
602,8,BG
603,5,BG
604,3,BG
605,5,BG
606,5,BG
607,7,BG
608,2,BG
609,3,BG
610,5,BG
611,5,BG
612,8,BG
613,4,BG
614,6,BG
615,5,BG
616,7,BG
617,5,BG
618,10,BG
619,7,BG
620,10,BG
621,5,BG
622,10,BG
623,4,BG
624,3,BG
625,6,BG
626,4,BG
627,5,BG
628,7,BG
629,6,BG
630,2,BG
631,4,BG
632,9,BG
633,5,BG
634,5,BG
635,8,BG
636,4,BG
637,3,BG
638,8,BG
639,6,BG
640,7,BG
641,1,BG
642,4,BG
643,4,BG
644,9,BG
645,7,BG
646,11,BG
647,7,BG
648,4,BG
649,3,BG
650,4,BG
651,2,BG
652,5,BG
653,3,BG
654,6,BG
655,5,BG
656,3,BG
657,7,BG
658,3,BG
659,5,BG
660,4,BG
661,9,BG
662,3,BG
663,8,BG
664,6,BG
665,7,BG
666,3,BG
667,8,BG
668,4,BG
669,2,BG
670,4,BG
671,2,BG
672,3,BG
673,6,BG
674,2,BG
675,4,BG
676,7,BG
677,5,BG
678,6,BG
679,4,BG
680,8,BG
681,6,BG
682,5,BG
683,7,BG
684,4,BG
685,7,BG
686,5,BG
687,3,BG
688,1,BG
689,2,BG
690,4,BG
691,2,BG
692,10,BG
693,8,BG
694,6,BG
695,2,BG
696,5,BG
697,6,BG
698,5,BG
699,8,BG
700,5,BG
701,4,BG
702,5,BG
703,4,BG
704,6,BG
705,6,BG
706,4,BG
707,7,BG
708,4,BG
709,4,BG
710,8,BG
711,7,BG
712,8,BG
713,4,BG
714,6,BG
715,4,BG
716,5,BG
717,2,BG
718,8,BG
719,5,BG
720,6,BG
721,2,BG
722,5,BG
723,7,BG
724,3,BG
725,6,BG
726,1,BG
727,8,BG
728,6,BG
729,5,BG
730,5,BG
731,4,BG
732,3,BG
733,5,BG
734,4,BG
735,9,BG
736,7,BG
737,3,BG
738,5,BG
739,11,BG
740,6,BG
741,4,BG
742,7,BG
743,5,BG
744,9,BG
745,2,BG
746,4,BG
747,6,BG
748,6,BG
749,3,BG
750,7,BG
751,4,BG
752,4,BG
753,4,BG
754,9,BG
755,4,BG
756,5,BG
757,5,BG
758,5,BG
759,2,BG
760,6,BG
761,3,BG
762,9,BG
763,3,BG
764,4,BG
765,6,BG
766,7,BG
767,4,BG
768,8,BG
769,9,BG
770,5,BG
771,5,BG
772,13,BG
773,4,BG
774,7,BG
775,7,BG
776,8,BG
777,7,BG
778,4,BG
779,9,BG
780,5,BG
781,4,BG
782,6,BG
783,4,BG
784,5,BG
785,5,BG
786,5,BG
787,2,BG
788,10,BG
789,5,BG
790,5,BG
791,4,BG
792,3,BG
793,7,BG
794,10,BG
795,4,BG
796,2,BG
797,3,BG
798,7,BG
799,8,BG
800,7,BG
801,5,BG
802,3,BG
803,9,BG
804,4,BG
805,4,BG
806,3,BG
807,3,BG
808,1,BG
809,3,BG
810,2,BG
811,3,BG
812,7,BG
813,6,BG
814,5,BG
815,5,BG
816,3,BG
817,3,BG
818,8,BG
819,3,BG
820,2,BG
821,4,BG
822,8,BG
823,1,BG
824,6,BG
825,4,BG
826,8,BG
827,5,BG
828,3,BG
829,8,BG
830,6,BG
831,3,BG
832,8,BG
833,6,BG
834,6,BG
835,5,BG
836,8,BG
837,7,BG
838,4,BG
839,6,BG
840,3,BG
841,9,BG
842,5,BG
843,8,BG
844,3,BG
845,8,BG
846,7,BG
847,4,BG
848,4,BG
849,5,BG
850,4,BG
851,5,BG
852,6,BG
853,3,BG
854,2,BG
855,8,BG
856,5,BG
857,5,BG
858,5,BG
859,4,BG
860,1,BG
861,5,BG
862,8,BG
863,2,BG
864,6,BG
865,1,BG
866,5,BG
867,6,BG
868,3,BG
869,7,BG
870,7,BG
871,2,BG
872,4,BG
873,2,BG
874,4,BG
875,9,BG
876,3,BG
877,2,BG
878,5,BG
879,8,BG
880,5,BG
881,1,BG
882,6,BG
883,2,BG
884,2,BG
885,8,BG
886,3,BG
887,6,BG
888,4,BG
889,4,BG
890,1,BG
891,7,BG
892,7,BG
893,4,BG
894,2,BG
895,9,BG
896,6,BG
897,4,BG
898,8,BG
899,3,BG
900,3,BG
901,6,BG
902,3,BG
903,7,BG
904,3,BG
905,3,BG
906,9,BG
907,5,BG
908,3,BG
909,7,BG
910,9,BG
911,9,BG
912,0,BG
913,8,BG
914,1,BG
915,13,BG
916,5,BG
917,4,BG
918,3,BG
919,6,BG
920,6,BG
921,7,BG
922,9,BG
923,8,BG
924,6,BG
925,10,BG
926,3,BG
927,8,BG
928,1,BG
929,3,BG
930,7,BG
931,9,BG
932,5,BG
933,4,BG
934,2,BG
935,4,BG
936,4,BG
937,3,BG
938,3,BG
939,6,BG
940,5,BG
941,6,BG
942,4,BG
943,5,BG
944,5,BG
945,1,BG
946,5,BG
947,8,BG
948,13,BG
949,9,BG
950,6,BG
951,5,BG
952,6,BG
953,4,BG
954,4,BG
955,9,BG
956,7,BG
957,5,BG
958,1,BG
959,6,BG
960,3,BG
961,6,BG
962,4,BG
963,6,BG
964,8,BG
965,4,BG
966,10,BG
967,4,BG
968,5,BG
969,3,BG
970,6,BG
971,2,BG
972,2,BG
973,4,BG
974,7,BG
975,6,BG
976,3,BG
977,11,BG
978,6,BG
979,6,BG
980,6,BG
981,5,BG
982,2,BG
983,4,BG
984,6,BG
985,6,BG
986,4,BG
987,4,BG
988,3,BG
989,2,BG
990,4,BG
991,3,BG
992,6,BG
993,1,BG
994,6,BG
995,4,BG
996,4,BG
997,4,BG
998,7,BG
999,7,BG
1000,7,BG
1001,5,BG
1002,12,BG
1003,4,BG
1004,6,BG
1005,3,BG
1006,4,BG
1007,5,BG
1008,4,BG
1009,6,BG
1010,6,BG
1011,9,BG
1012,8,BG
1013,8,BG
1014,6,BG
1015,3,BG
1016,6,BG
1017,1,BG
1018,4,BG
1019,5,BG
1020,9,BG
1021,9,BG
1022,2,BG
1023,5,BG
1024,3,BG
1025,6,BG
1026,3,BG
1027,4,BG
1028,5,BG
1029,5,BG
1030,3,BG
1031,4,BG
1032,10,BG
1033,4,BG
1034,3,BG
1035,9,BG
1036,8,BG
1037,4,BG
1038,4,BG
1039,5,BG
1040,5,BG
1041,6,BG
1042,7,BG
1043,1,BG
1044,8,BG
1045,3,BG
1046,4,BG
1047,3,BG
1048,3,BG
1049,7,BG
1050,4,BG
1051,10,BG
1052,3,BG
1053,4,BG
1054,5,BG
1055,6,BG
1056,5,BG
1057,5,BG
1058,4,BG
1059,6,BG
1060,3,BG
1061,3,BG
1062,4,BG
1063,4,BG
1064,4,BG
1065,6,BG
1066,5,BG
1067,2,BG
1068,7,BG
1069,4,BG
1070,3,BG
1071,6,BG
1072,9,BG
1073,5,BG
1074,5,BG
1075,4,BG
1076,5,BG
1077,6,BG
1078,3,BG
1079,4,BG
1080,8,BG
1081,6,BG
1082,2,BG
1083,7,BG
1084,2,BG
1085,5,BG
1086,6,BG
1087,4,BG
1088,6,BG
1089,8,BG
1090,7,BG
1091,8,BG
1092,4,BG
1093,7,BG
1094,7,BG
1095,5,BG
1096,4,BG
1097,4,BG
1098,0,BG
1099,2,BG
1100,7,BG
1101,4,BG
1102,5,BG
1103,6,BG
1104,2,BG
1105,3,BG
1106,3,BG
1107,9,BG
1108,10,BG
1109,3,BG
1110,4,BG
1111,7,BG
1112,4,BG
1113,5,BG
1114,6,BG
1115,3,BG
1116,3,BG
1117,4,BG
1118,7,BG
1119,8,BG
1120,4,BG
1121,1,BG
1122,2,BG
1123,10,BG
1124,3,BG
1125,4,BG
1126,4,BG
1127,9,BG
1128,3,BG
1129,8,BG
1130,7,BG
1131,3,BG
1132,4,BG
1133,4,BG
1134,5,BG
1135,4,BG
1136,6,BG
1137,5,BG
1138,7,BG
1139,6,BG
1140,6,BG
1141,7,BG
1142,6,BG
1143,3,BG
1144,8,BG
1145,5,BG
1146,7,BG
1147,5,BG
1148,10,BG
1149,5,BG
1150,4,BG
1151,1,BG
1152,2,BG
1153,5,BG
1154,7,BG
1155,4,BG
1156,2,BG
1157,5,BG
1158,6,BG
1159,5,BG
1160,4,BG
1161,9,BG
1162,4,BG
1163,2,BG
1164,7,BG
1165,3,BG
1166,6,BG
1167,5,BG
1168,3,BG
1169,5,BG
1170,5,BG
1171,5,BG
1172,3,BG
1173,8,BG
1174,9,BG
1175,6,BG
1176,6,BG
1177,4,BG
1178,4,BG
1179,5,BG
1180,4,BG
1181,7,BG
1182,6,BG
1183,2,BG
1184,6,BG
1185,6,BG
1186,4,BG
1187,2,BG
1188,4,BG
1189,3,BG
1190,9,BG
1191,5,BG
1192,2,BG
1193,2,BG
1194,5,BG
1195,3,BG
1196,3,BG
1197,3,BG
1198,0,BG
1199,5,BG
1200,4,BG
1201,4,BG
1202,4,BG
1203,4,BG
1204,7,BG
1205,3,BG
1206,12,BG
1207,6,BG
1208,8,BG
1209,4,BG
1210,4,BG
1211,5,BG
1212,5,BG
1213,6,BG
1214,4,BG
1215,5,BG
1216,6,BG
1217,6,BG
1218,9,BG
1219,4,BG
1220,8,BG
1221,7,BG
1222,5,BG
1223,7,BG
1224,4,BG
1225,4,BG
1226,5,BG
1227,5,BG
1228,6,BG
1229,11,BG
1230,4,BG
1231,9,BG
1232,6,BG
1233,3,BG
1234,2,BG
1235,4,BG
1236,4,BG
1237,5,BG
1238,0,BG
1239,6,BG
1240,6,BG
1241,3,BG
1242,4,BG
1243,5,BG
1244,5,BG
1245,4,BG
1246,5,BG
1247,9,BG
1248,1,BG
1249,10,BG
1250,2,BG
1251,6,BG
1252,4,BG
1253,4,BG
1254,3,BG
1255,7,BG
1256,9,BG
1257,1,BG
1258,6,BG
1259,6,BG
1260,4,BG
1261,5,BG
1262,4,BG
1263,5,BG
1264,2,BG
1265,4,BG
1266,7,BG
1267,4,BG
1268,6,BG
1269,2,BG
1270,4,BG
1271,9,BG
1272,6,BG
1273,2,BG
1274,5,BG
1275,6,BG
1276,2,BG
1277,6,BG
1278,6,BG
1279,4,BG
1280,7,BG
1281,9,BG
1282,6,BG
1283,7,BG
1284,4,BG
1285,6,BG
1286,7,BG
1287,4,BG
1288,12,BG
1289,7,BG
1290,7,BG
1291,7,BG
1292,6,BG
1293,4,BG
1294,6,BG
1295,5,BG
1296,6,BG
1297,4,BG
1298,5,BG
1299,5,BG
1300,5,BG
1301,2,BG
1302,5,BG
1303,4,BG
1304,3,BG
1305,5,BG
1306,3,BG
1307,2,BG
1308,6,BG
1309,4,BG
1310,6,BG
1311,7,BG
1312,4,BG
1313,7,BG
1314,3,BG
1315,6,BG
1316,5,BG
1317,1,BG
1318,6,BG
1319,6,BG
1320,7,BG
1321,3,BG
1322,8,BG
1323,6,BG
1324,8,BG
1325,2,BG
1326,10,BG
1327,4,BG
1328,1,BG
1329,7,BG
1330,6,BG
1331,5,BG
1332,1,BG
1333,7,BG
1334,4,BG
1335,2,BG
1336,5,BG
1337,2,BG
1338,2,BG
1339,5,BG
1340,5,BG
1341,4,BG
1342,8,BG
1343,6,BG
1344,1,BG
1345,3,BG
1346,2,BG
1347,0,BG
1348,5,BG
1349,4,BG
1350,3,BG
1351,10,BG
1352,3,BG
1353,0,BG
1354,9,BG
1355,8,BG
1356,3,BG
1357,8,BG
1358,3,BG
1359,7,BG
1360,4,BG
1361,2,BG
1362,5,BG
1363,5,BG
1364,3,BG
1365,6,BG
1366,5,BG
1367,2,BG
1368,6,BG
1369,7,BG
1370,4,BG
1371,5,BG
1372,2,BG
1373,2,BG
1374,4,BG
1375,5,BG
1376,11,BG
1377,5,BG
1378,6,BG
1379,8,BG
1380,4,BG
1381,5,BG
1382,7,BG
1383,13,BG
1384,6,BG
1385,5,BG
1386,5,BG
1387,6,BG
1388,8,BG
1389,4,BG
1390,5,BG
1391,3,BG
1392,6,BG
1393,4,BG
1394,5,BG
1395,4,BG
1396,3,BG
1397,5,BG
1398,8,BG
1399,6,BG
1400,8,BG
1401,9,BG
1402,4,BG
1403,10,BG
1404,3,BG
1405,4,BG
1406,8,BG
1407,2,BG
1408,5,BG
1409,5,BG
1410,3,BG
1411,3,BG
1412,5,BG
1413,4,BG
1414,7,BG
1415,6,BG
1416,5,BG
1417,5,BG
1418,10,BG
1419,9,BG
1420,9,BG
1421,3,BG
1422,2,BG
1423,4,BG
1424,2,BG
1425,4,BG
1426,5,BG
1427,1,BG
1428,6,BG
1429,7,BG
1430,2,BG
1431,3,BG
1432,3,BG
1433,9,BG
1434,7,BG
1435,6,BG
1436,4,BG
1437,9,BG
1438,4,BG
1439,4,BG
1440,5,BG
1441,5,BG
1442,9,BG
1443,3,BG
1444,7,BG
1445,4,BG
1446,3,BG
1447,3,BG
1448,2,BG
1449,5,BG
1450,3,BG
1451,9,BG
1452,7,BG
1453,4,BG
1454,9,BG
1455,5,BG
1456,10,BG
1457,3,BG
1458,3,BG
1459,6,BG
1460,4,BG
1461,5,BG
1462,8,BG
1463,6,BG
1464,3,BG
1465,3,BG
1466,4,BG
1467,5,BG
1468,4,BG
1469,3,BG
1470,9,BG
1471,2,BG
1472,3,BG
1473,11,BG
1474,10,BG
1475,5,BG
1476,10,BG
1477,4,BG
1478,9,BG
1479,7,BG
1480,3,BG
1481,6,BG
1482,3,BG
1483,9,BG
1484,2,BG
1485,2,BG
1486,13,BG
1487,2,BG
1488,3,BG
1489,4,BG
1490,4,BG
1491,4,BG
1492,2,BG
1493,3,BG
1494,6,BG
1495,5,BG
1496,5,BG
1497,4,BG
1498,2,BG
1499,3,BG
1500,7,BG
1501,8,BG
1502,5,BG
1503,7,BG
1504,2,BG
1505,3,BG
1506,3,BG
1507,8,BG
1508,4,BG
1509,8,BG
1510,5,BG
1511,6,BG
1512,14,BG
1513,8,BG
1514,3,BG
1515,3,BG
1516,5,BG
1517,4,BG
1518,4,BG
1519,8,BG
1520,1,BG
1521,4,BG
1522,7,BG
1523,5,BG
1524,3,BG
1525,2,BG
1526,4,BG
1527,8,BG
1528,10,BG
1529,5,BG
1530,4,BG
1531,4,BG
1532,3,BG
1533,7,BG
1534,5,BG
1535,5,BG
1536,8,BG
1537,5,BG
1538,5,BG
1539,5,BG
1540,4,BG
1541,6,BG
1542,7,BG
1543,3,BG
1544,4,BG
1545,3,BG
1546,4,BG
1547,6,BG
1548,9,BG
1549,4,BG
1550,3,BG
1551,3,BG
1552,2,BG
1553,9,BG
1554,3,BG
1555,6,BG
1556,6,BG
1557,3,BG
1558,8,BG
1559,1,BG
1560,3,BG
1561,5,BG
1562,6,BG
1563,8,BG
1564,4,BG
1565,4,BG
1566,6,BG
1567,8,BG
1568,1,BG
1569,4,BG
1570,5,BG
1571,9,BG
1572,5,BG
1573,3,BG
1574,3,BG
1575,5,BG
1576,2,BG
1577,5,BG
1578,7,BG
1579,2,BG
1580,7,BG
1581,6,BG
1582,7,BG
1583,1,BG
1584,3,BG
1585,6,BG
1586,8,BG
1587,12,BG
1588,8,BG
1589,6,BG
1590,4,BG
1591,6,BG
1592,4,BG
1593,5,BG
1594,6,BG
1595,6,BG
1596,8,BG
1597,6,BG
1598,7,BG
1599,5,BG
1600,5,BG
1601,4,BG
1602,6,BG
1603,6,BG
1604,6,BG
1605,4,BG
1606,5,BG
1607,5,BG
1608,11,BG
1609,5,BG
1610,5,BG
1611,1,BG
1612,5,BG
1613,4,BG
1614,6,BG
1615,8,BG
1616,6,BG
1617,5,BG
1618,4,BG
1619,8,BG
1620,6,BG
1621,5,BG
1622,8,BG
1623,2,BG
1624,5,BG
1625,6,BG
1626,4,BG
1627,3,BG
1628,3,BG
1629,2,BG
1630,7,BG
1631,3,BG
1632,6,BG
1633,4,BG
1634,8,BG
1635,10,BG
1636,8,BG
1637,1,BG
1638,4,BG
1639,4,BG
1640,6,BG
1641,7,BG
1642,4,BG
1643,5,BG
1644,4,BG
1645,3,BG
1646,16,BG
1647,3,BG
1648,3,BG
1649,4,BG
1650,10,BG
1651,5,BG
1652,5,BG
1653,7,BG
1654,5,BG
1655,9,BG
1656,10,BG
1657,5,BG
1658,5,BG
1659,2,BG
1660,5,BG
1661,5,BG
1662,2,BG
1663,4,BG
1664,6,BG
1665,2,BG
1666,7,BG
1667,8,BG
1668,10,BG
1669,4,BG
1670,4,BG
1671,4,BG
1672,8,BG
1673,4,BG
1674,8,BG
1675,6,BG
1676,3,BG
1677,8,BG
1678,6,BG
1679,3,BG
1680,6,BG
1681,5,BG
1682,7,BG
1683,5,BG
1684,7,BG
1685,6,BG
1686,2,BG
1687,2,BG
1688,8,BG
1689,8,BG
1690,5,BG
1691,7,BG
1692,4,BG
1693,4,BG
1694,4,BG
1695,6,BG
1696,6,BG
1697,6,BG
1698,2,BG
1699,7,BG
1700,4,BG
1701,4,BG
1702,6,BG
1703,1,BG
1704,7,BG
1705,5,BG
1706,5,BG
1707,6,BG
1708,5,BG
1709,5,BG
1710,5,BG
1711,11,BG
1712,7,BG
1713,6,BG
1714,8,BG
1715,5,BG
1716,6,BG
1717,4,BG
1718,5,BG
1719,9,BG
1720,7,BG
1721,2,BG
1722,4,BG
1723,6,BG
1724,8,BG
1725,2,BG
1726,2,BG
1727,7,BG
1728,7,BG
1729,5,BG
1730,6,BG
1731,4,BG
1732,3,BG
1733,1,BG
1734,12,BG
1735,7,BG
1736,11,BG
1737,2,BG
1738,4,BG
1739,6,BG
1740,3,BG
1741,6,BG
1742,6,BG
1743,4,BG
1744,4,BG
1745,6,BG
1746,6,BG
1747,4,BG
1748,2,BG
1749,4,BG
1750,7,BG
1751,4,BG
1752,5,BG
1753,6,BG
1754,7,BG
1755,5,BG
1756,3,BG
1757,2,BG
1758,3,BG
1759,3,BG
1760,5,BG
1761,1,BG
1762,5,BG
1763,1,BG
1764,2,BG
1765,8,BG
1766,6,BG
1767,4,BG
1768,8,BG
1769,6,BG
1770,4,BG
1771,7,BG
1772,6,BG
1773,6,BG
1774,8,BG
1775,6,BG
1776,3,BG
1777,6,BG
1778,13,BG
1779,6,BG
1780,3,BG
1781,5,BG
1782,9,BG
1783,6,BG
1784,5,BG
1785,4,BG
1786,4,BG
1787,8,BG
1788,2,BG
1789,6,BG
1790,3,BG
1791,5,BG
1792,6,BG
1793,6,BG
1794,4,BG
1795,7,BG
1796,6,BG
1797,4,BG
1798,6,BG
1799,7,BG
1800,0,BG
1801,6,BG
1802,7,BG
1803,2,BG
1804,11,BG
1805,4,BG
1806,9,BG
1807,2,BG
1808,3,BG
1809,12,BG
1810,5,BG
1811,8,BG
1812,1,BG
1813,4,BG
1814,4,BG
1815,9,BG
1816,8,BG
1817,5,BG
1818,4,BG
1819,3,BG
1820,4,BG
1821,4,BG
1822,7,BG
1823,8,BG
1824,6,BG
1825,10,BG
1826,4,BG
1827,5,BG
1828,4,BG
1829,3,BG
1830,7,BG
1831,6,BG
1832,3,BG
1833,3,BG
1834,6,BG
1835,8,BG
1836,6,BG
1837,4,BG
1838,3,BG
1839,7,BG
1840,1,BG
1841,9,BG
1842,9,BG
1843,7,BG
1844,6,BG
1845,6,BG
1846,7,BG
1847,9,BG
1848,2,BG
1849,7,BG
1850,6,BG
1851,2,BG
1852,4,BG
1853,3,BG
1854,7,BG
1855,6,BG
1856,5,BG
1857,2,BG
1858,4,BG
1859,6,BG
1860,0,BG
1861,7,BG
1862,9,BG
1863,7,BG
1864,7,BG
1865,4,BG
1866,8,BG
1867,10,BG
1868,6,BG
1869,8,BG
1870,4,BG
1871,5,BG
1872,8,BG
1873,8,BG
1874,6,BG
1875,4,BG
1876,4,BG
1877,4,BG
1878,4,BG
1879,5,BG
1880,11,BG
1881,5,BG
1882,6,BG
1883,5,BG
1884,7,BG
1885,4,BG
1886,4,BG
1887,9,BG
1888,7,BG
1889,5,BG
1890,3,BG
1891,6,BG
1892,5,BG
1893,5,BG
1894,4,BG
1895,6,BG
1896,4,BG
1897,7,BG
1898,4,BG
1899,9,BG
1900,1,BG
1901,3,BG
1902,11,BG
1903,2,BG
1904,7,BG
1905,8,BG
1906,6,BG
1907,4,BG
1908,10,BG
1909,5,BG
1910,3,BG
1911,4,BG
1912,3,BG
1913,4,BG
1914,3,BG
1915,7,BG
1916,2,BG
1917,4,BG
1918,7,BG
1919,6,BG
1920,2,BG
1921,11,BG
1922,4,BG
1923,4,BG
1924,4,BG
1925,4,BG
1926,6,BG
1927,6,BG
1928,5,BG
1929,2,BG
1930,2,BG
1931,1,BG
1932,2,BG
1933,6,BG
1934,5,BG
1935,2,BG
1936,0,BG
1937,7,BG
1938,9,BG
1939,6,BG
1940,6,BG
1941,4,BG
1942,5,BG
1943,3,BG
1944,1,BG
1945,3,BG
1946,7,BG
1947,4,BG
1948,4,BG
1949,3,BG
1950,9,BG
1951,7,BG
1952,6,BG
1953,5,BG
1954,3,BG
1955,5,BG
1956,7,BG
1957,3,BG
1958,4,BG
1959,8,BG
1960,4,BG
1961,1,BG
1962,4,BG
1963,6,BG
1964,2,BG
1965,9,BG
1966,4,BG
1967,5,BG
1968,2,BG
1969,6,BG
1970,5,BG
1971,5,BG
1972,6,BG
1973,8,BG
1974,9,BG
1975,4,BG
1976,1,BG
1977,8,BG
1978,5,BG
1979,6,BG
1980,6,BG
1981,4,BG
1982,4,BG
1983,8,BG
1984,6,BG
1985,2,BG
1986,4,BG
1987,2,BG
1988,2,BG
1989,4,BG
1990,7,BG
1991,2,BG
1992,3,BG
1993,5,BG
1994,5,BG
1995,5,BG
1996,8,BG
1997,4,BG
1998,4,BG
1999,1,BG
2000,5,BG
2001,2,BG
2002,8,BG
2003,5,BG
2004,1,BG
2005,0,BG
2006,4,BG
2007,8,BG
2008,1,BG
2009,6,BG
2010,5,BG
2011,4,BG
2012,6,BG
2013,8,BG
2014,4,BG
2015,6,BG
2016,3,BG
2017,9,BG
2018,5,BG
2019,9,BG
2020,4,BG
2021,4,BG
2022,8,BG
2023,1,BG
2024,5,BG
2025,1,BG
2026,8,BG
2027,8,BG
2028,10,BG
2029,4,BG
2030,3,BG
2031,5,BG
2032,2,BG
2033,4,BG
2034,6,BG
2035,4,BG
2036,7,BG
2037,5,BG
2038,5,BG
2039,2,BG
2040,5,BG
2041,3,BG
2042,6,BG
2043,7,BG
2044,2,BG
2045,6,BG
2046,6,BG
2047,5,BG
2048,6,BG
2049,5,BG
2050,5,BG
2051,10,BG
2052,3,BG
2053,5,BG
2054,6,BG
2055,6,BG
2056,7,BG
2057,3,BG
2058,8,BG
2059,7,BG
2060,5,BG
2061,7,BG
2062,6,BG
2063,6,BG
2064,8,BG
2065,6,BG
2066,4,BG
2067,9,BG
2068,4,BG
2069,10,BG
2070,3,BG
2071,7,BG
2072,9,BG
2073,5,BG
2074,5,BG
2075,6,BG
2076,2,BG
2077,7,BG
2078,13,BG
2079,4,BG
2080,6,BG
2081,8,BG
2082,4,BG
2083,3,BG
2084,8,BG
2085,7,BG
2086,6,BG
2087,4,BG
2088,8,BG
2089,6,BG
2090,4,BG
2091,6,BG
2092,7,BG
2093,1,BG
2094,7,BG
2095,5,BG
2096,6,BG
2097,4,BG
2098,5,BG
2099,5,BG
2100,4,BG
2101,4,BG
2102,6,BG
2103,6,BG
2104,9,BG
2105,4,BG
2106,4,BG
2107,6,BG
2108,7,BG
2109,4,BG
2110,6,BG
2111,2,BG
2112,3,BG
2113,5,BG
2114,7,BG
2115,5,BG
2116,8,BG
2117,8,BG
2118,13,BG
2119,7,BG
2120,9,BG
2121,5,BG
2122,3,BG
2123,7,BG
2124,7,BG
2125,10,BG
2126,5,BG
2127,7,BG
2128,10,BG
2129,10,BG
2130,4,BG
2131,5,BG
2132,4,BG
2133,6,BG
2134,5,BG
2135,6,BG
2136,9,BG
2137,3,BG
2138,6,BG
2139,6,BG
2140,5,BG
2141,6,BG
2142,3,BG
2143,8,BG
2144,4,BG
2145,3,BG
2146,3,BG
2147,3,BG
2148,5,BG
2149,4,BG
2150,9,BG
2151,4,BG
2152,6,BG
2153,5,BG
2154,2,BG
2155,3,BG
2156,3,BG
2157,6,BG
2158,2,BG
2159,6,BG
2160,3,BG
2161,5,BG
2162,8,BG
2163,6,BG
2164,5,BG
2165,2,BG
2166,6,BG
2167,3,BG
2168,4,BG
2169,2,BG
2170,3,BG
2171,6,BG
2172,4,BG
2173,13,BG
2174,2,BG
2175,4,BG
2176,2,BG
2177,6,BG
2178,5,BG
2179,4,BG
2180,5,BG
2181,5,BG
2182,4,BG
2183,4,BG
2184,5,BG
2185,7,BG
2186,3,BG
2187,6,BG
2188,4,BG
2189,4,BG
2190,9,BG
2191,6,BG
2192,3,BG
2193,9,BG
2194,4,BG
2195,2,BG
2196,8,BG
2197,2,BG
2198,3,BG
2199,7,BG
2200,3,BG
2201,7,BG
2202,4,BG
2203,1,BG
2204,1,BG
2205,7,BG
2206,6,BG
2207,1,BG
2208,2,BG
2209,8,BG
2210,1,BG
2211,5,BG
2212,5,BG
2213,3,BG
2214,7,BG
2215,2,BG
2216,6,BG
2217,6,BG
2218,4,BG
2219,8,BG
2220,4,BG
2221,7,BG
2222,6,BG
2223,6,BG
2224,6,BG
2225,4,BG
2226,3,BG
2227,3,BG
2228,5,BG
2229,3,BG
2230,6,BG
2231,6,BG
2232,8,BG
2233,5,BG
2234,7,BG
2235,6,BG
2236,10,BG
2237,5,BG
2238,9,BG
2239,6,BG
2240,6,BG
2241,4,BG
2242,2,BG
2243,7,BG
2244,3,BG
2245,4,BG
2246,9,BG
2247,7,BG
2248,6,BG
2249,7,BG
2250,4,BG
2251,1,BG
2252,5,BG
2253,0,BG
2254,3,BG
2255,4,BG
2256,7,BG
2257,5,BG
2258,8,BG
2259,9,BG
2260,8,BG
2261,2,BG
2262,7,BG
2263,4,BG
2264,5,BG
2265,4,BG
2266,9,BG
2267,5,BG
2268,2,BG
2269,4,BG
2270,8,BG
2271,2,BG
2272,3,BG
2273,3,BG
2274,4,BG
2275,9,BG
2276,11,BG
2277,9,BG
2278,7,BG
2279,4,BG
2280,8,BG
2281,5,BG
2282,4,BG
2283,5,BG
2284,3,BG
2285,5,BG
2286,4,BG
2287,6,BG
2288,5,BG
2289,6,BG
2290,3,BG
2291,5,BG
2292,3,BG
2293,7,BG
2294,7,BG
2295,3,BG
2296,6,BG
2297,2,BG
2298,6,BG
2299,7,BG
2300,4,BG
2301,8,BG
2302,5,BG
2303,5,BG
2304,5,BG
2305,6,BG
2306,1,BG
2307,5,BG
2308,4,BG
2309,7,BG
2310,7,BG
2311,8,BG
2312,4,BG
2313,7,BG
2314,3,BG
2315,2,BG
2316,7,BG
2317,6,BG
2318,5,BG
2319,2,BG
2320,3,BG
2321,2,BG
2322,9,BG
2323,4,BG
2324,5,BG
2325,7,BG
2326,3,BG
2327,4,BG
2328,10,BG
2329,5,BG
2330,2,BG
2331,2,BG
2332,5,BG
2333,4,BG
2334,4,BG
2335,6,BG
2336,8,BG
2337,7,BG
2338,2,BG
2339,8,BG
2340,7,BG
2341,5,BG
2342,4,BG
2343,5,BG
2344,5,BG
2345,5,BG
2346,6,BG
2347,6,BG
2348,7,BG
2349,4,BG
2350,2,BG
2351,8,BG
2352,7,BG
2353,3,BG
2354,7,BG
2355,11,BG
2356,4,BG
2357,1,BG
2358,5,BG
2359,5,BG
2360,2,BG
2361,5,BG
2362,10,BG
2363,5,BG
2364,4,BG
2365,4,BG
2366,4,BG
2367,8,BG
2368,3,BG
2369,7,BG
2370,3,BG
2371,6,BG
2372,0,BG
2373,6,BG
2374,3,BG
2375,5,BG
2376,4,BG
2377,7,BG
2378,6,BG
2379,4,BG
2380,4,BG
2381,6,BG
2382,7,BG
2383,6,BG
2384,5,BG
2385,6,BG
2386,10,BG
2387,7,BG
2388,5,BG
2389,9,BG
2390,6,BG
2391,2,BG
2392,6,BG
2393,4,BG
2394,4,BG
2395,6,BG
2396,4,BG
2397,7,BG
2398,3,BG
2399,4,BG
2400,4,BG
2401,9,BG
2402,8,BG
2403,5,BG
2404,5,BG
2405,2,BG
2406,5,BG
2407,7,BG
2408,6,BG
2409,5,BG
2410,6,BG
2411,7,BG
2412,2,BG
2413,5,BG
2414,3,BG
2415,6,BG
2416,6,BG
2417,1,BG
2418,3,BG
2419,5,BG
2420,8,BG
2421,5,BG
2422,3,BG
2423,6,BG
2424,3,BG
2425,4,BG
2426,6,BG
2427,6,BG
2428,3,BG
2429,5,BG
2430,5,BG
2431,3,BG
2432,6,BG
2433,6,BG
2434,6,BG
2435,6,BG
2436,8,BG
2437,6,BG
2438,6,BG
2439,3,BG
2440,5,BG
2441,6,BG
2442,7,BG
2443,4,BG
2444,6,BG
2445,7,BG
2446,5,BG
2447,3,BG
2448,5,BG
2449,4,BG
2450,5,BG
2451,9,BG
2452,7,BG
2453,4,BG
2454,4,BG
2455,2,BG
2456,3,BG
2457,2,BG
2458,0,BG
2459,7,BG
2460,7,BG
2461,4,BG
2462,3,BG
2463,5,BG
2464,5,BG
2465,2,BG
2466,9,BG
2467,7,BG
2468,4,BG
2469,3,BG
2470,7,BG
2471,2,BG
2472,3,BG
2473,8,BG
2474,6,BG
2475,4,BG
2476,3,BG
2477,3,BG
2478,6,BG
2479,6,BG
2480,1,BG
2481,4,BG
2482,4,BG
2483,4,BG
2484,6,BG
2485,3,BG
2486,4,BG
2487,5,BG
2488,2,BG
2489,6,BG
2490,8,BG
2491,7,BG
2492,7,BG
2493,4,BG
2494,2,BG
2495,7,BG
2496,2,BG
2497,2,BG
2498,4,BG
2499,3,BG
2500,8,BG
2501,7,BG
2502,11,BG
2503,1,BG
2504,9,BG
2505,4,BG
2506,3,BG
2507,4,BG
2508,1,BG
2509,6,BG
2510,5,BG
2511,4,BG
2512,2,BG
2513,4,BG
2514,9,BG
2515,3,BG
2516,5,BG
2517,4,BG
2518,9,BG
2519,3,BG
2520,7,BG
2521,5,BG
2522,4,BG
2523,3,BG
2524,5,BG
2525,8,BG
2526,7,BG
2527,6,BG
2528,5,BG
2529,4,BG
2530,5,BG
2531,5,BG
2532,3,BG
2533,5,BG
2534,7,BG
2535,3,BG
2536,5,BG
2537,7,BG
2538,5,BG
2539,6,BG
2540,5,BG
2541,6,BG
2542,3,BG
2543,5,BG
2544,7,BG
2545,5,BG
2546,3,BG
2547,7,BG
2548,5,BG
2549,4,BG
2550,9,BG
2551,8,BG
2552,6,BG
2553,4,BG
2554,3,BG
2555,8,BG
2556,2,BG
2557,6,BG
2558,7,BG
2559,2,BG
2560,3,BG
2561,5,BG
2562,5,BG
2563,6,BG
2564,12,BG
2565,6,BG
2566,2,BG
2567,5,BG
2568,1,BG
2569,3,BG
2570,3,BG
2571,3,BG
2572,3,BG
2573,6,BG
2574,5,BG
2575,8,BG
2576,11,BG
2577,8,BG
2578,7,BG
2579,4,BG
2580,6,BG
2581,8,BG
2582,4,BG
2583,6,BG
2584,5,BG
2585,5,BG
2586,3,BG
2587,6,BG
2588,10,BG
2589,4,BG
2590,2,BG
2591,7,BG
2592,6,BG
2593,5,BG
2594,7,BG
2595,3,BG
2596,8,BG
2597,4,BG
2598,8,BG
2599,7,BG
2600,7,BG
2601,6,BG
2602,4,BG
2603,9,BG
2604,9,BG
2605,7,BG
2606,6,BG
2607,7,BG
2608,8,BG
2609,3,BG
2610,8,BG
2611,7,BG
2612,1,BG
2613,4,BG
2614,6,BG
2615,8,BG
2616,8,BG
2617,8,BG
2618,8,BG
2619,9,BG
2620,5,BG
2621,3,BG
2622,4,BG
2623,10,BG
2624,5,BG
2625,4,BG
2626,3,BG
2627,4,BG
2628,5,BG
2629,9,BG
2630,3,BG
2631,3,BG
2632,7,BG
2633,10,BG
2634,9,BG
2635,4,BG
2636,10,BG
2637,8,BG
2638,5,BG
2639,6,BG
2640,9,BG
2641,9,BG
2642,4,BG
2643,3,BG
2644,4,BG
2645,5,BG
2646,6,BG
2647,5,BG
2648,1,BG
2649,6,BG
2650,4,BG
2651,2,BG
2652,6,BG
2653,13,BG
2654,7,BG
2655,5,BG
2656,6,BG
2657,9,BG
2658,2,BG
2659,7,BG
2660,7,BG
2661,4,BG
2662,1,BG
2663,5,BG
2664,5,BG
2665,3,BG
2666,5,BG
2667,4,BG
2668,11,BG
2669,6,BG
2670,3,BG
2671,4,BG
2672,7,BG
2673,3,BG
2674,9,BG
2675,3,BG
2676,8,BG
2677,3,BG
2678,5,BG
2679,5,BG
2680,4,BG
2681,8,BG
2682,4,BG
2683,6,BG
2684,4,BG
2685,1,BG
2686,5,BG
2687,8,BG
2688,8,BG
2689,9,BG
2690,9,BG
2691,3,BG
2692,7,BG
2693,3,BG
2694,10,BG
2695,3,BG
2696,2,BG
2697,4,BG
2698,8,BG
2699,6,BG
2700,4,BG
2701,4,BG
2702,11,BG
2703,7,BG
2704,7,BG
2705,4,BG
2706,5,BG
2707,8,BG
2708,3,BG
2709,9,BG
2710,7,BG
2711,4,BG
2712,6,BG
2713,3,BG
2714,4,BG
2715,4,BG
2716,12,BG
2717,7,BG
2718,4,BG
2719,2,BG
2720,6,BG
2721,3,BG
2722,5,BG
2723,6,BG
2724,6,BG
2725,11,BG
2726,7,BG
2727,5,BG
2728,4,BG
2729,5,BG
2730,3,BG
2731,8,BG
2732,8,BG
2733,4,BG
2734,4,BG
2735,1,BG
2736,3,BG
2737,6,BG
2738,7,BG
2739,8,BG
2740,2,BG
2741,3,BG
2742,3,BG
2743,7,BG
2744,4,BG
2745,3,BG
2746,1,BG
2747,10,BG
2748,3,BG
2749,8,BG
2750,4,BG
2751,1,BG
2752,5,BG
2753,5,BG
2754,3,BG
2755,7,BG
2756,5,BG
2757,4,BG
2758,3,BG
2759,7,BG
2760,2,BG
2761,7,BG
2762,4,BG
2763,6,BG
2764,7,BG
2765,5,BG
2766,9,BG
2767,5,BG
2768,5,BG
2769,5,BG
2770,7,BG
2771,10,BG
2772,5,BG
2773,5,BG
2774,4,BG
2775,12,BG
2776,8,BG
2777,3,BG
2778,6,BG
2779,6,BG
2780,5,BG
2781,10,BG
2782,6,BG
2783,5,BG
2784,5,BG
2785,6,BG
2786,6,BG
2787,5,BG
2788,5,BG
2789,5,BG
2790,5,BG
2791,5,BG
2792,5,BG
2793,4,BG
2794,8,BG
2795,3,BG
2796,6,BG
2797,3,BG
2798,9,BG
2799,6,BG
2800,6,BG
2801,6,BG
2802,6,BG
2803,8,BG
2804,4,BG
2805,3,BG
2806,4,BG
2807,2,BG
2808,2,BG
2809,3,BG
2810,8,BG
2811,5,BG
2812,7,BG
2813,2,BG
2814,4,BG
2815,6,BG
2816,6,BG
2817,5,BG
2818,4,BG
2819,3,BG
2820,2,BG
2821,7,BG
2822,6,BG
2823,5,BG
2824,10,BG
2825,3,BG
2826,5,BG
2827,6,BG
2828,4,BG
2829,7,BG
2830,4,BG
2831,5,BG
2832,6,BG
2833,3,BG
2834,3,BG
2835,4,BG
2836,8,BG
2837,8,BG
2838,6,BG
2839,7,BG
2840,3,BG
2841,2,BG
2842,5,BG
2843,4,BG
2844,3,BG
2845,4,BG
2846,5,BG
2847,5,BG
2848,7,BG
2849,5,BG
2850,5,BG
2851,6,BG
2852,7,BG
2853,4,BG
2854,6,BG
2855,9,BG
2856,2,BG
2857,8,BG
2858,7,BG
2859,3,BG
2860,4,BG
2861,4,BG
2862,4,BG
2863,6,BG
2864,5,BG
2865,3,BG
2866,6,BG
2867,3,BG
2868,7,BG
2869,7,BG
2870,2,BG
2871,5,BG
2872,4,BG
2873,9,BG
2874,6,BG
2875,5,BG
2876,4,BG
2877,5,BG
2878,4,BG
2879,5,BG
2880,8,BG
2881,0,BG
2882,6,BG
2883,4,BG
2884,10,BG
2885,7,BG
2886,4,BG
2887,4,BG
2888,6,BG
2889,6,BG
2890,1,BG
2891,4,BG
2892,4,BG
2893,3,BG
2894,4,BG
2895,8,BG
2896,3,BG
2897,8,BG
2898,3,BG
2899,5,BG
2900,3,BG
2901,7,BG
2902,4,BG
2903,8,BG
2904,7,BG
2905,8,BG
2906,6,BG
2907,5,BG
2908,7,BG
2909,7,BG
2910,7,BG
2911,2,BG
2912,4,BG
2913,6,BG
2914,5,BG
2915,1,BG
2916,7,BG
2917,3,BG
2918,2,BG
2919,6,BG
2920,3,BG
2921,4,BG
2922,7,BG
2923,8,BG
2924,9,BG
2925,3,BG
2926,2,BG
2927,4,BG
2928,7,BG
2929,4,BG
2930,6,BG
2931,5,BG
2932,15,BG
2933,4,BG
2934,4,BG
2935,8,BG
2936,10,BG
2937,5,BG
2938,1,BG
2939,5,BG
2940,2,BG
2941,7,BG
2942,5,BG
2943,4,BG
2944,7,BG
2945,7,BG
2946,7,BG
2947,6,BG
2948,3,BG
2949,6,BG
2950,5,BG
2951,2,BG
2952,3,BG
2953,7,BG
2954,3,BG
2955,6,BG
2956,7,BG
2957,3,BG
2958,5,BG
2959,6,BG
2960,4,BG
2961,6,BG
2962,3,BG
2963,8,BG
2964,7,BG
2965,5,BG
2966,6,BG
2967,3,BG
2968,5,BG
2969,3,BG
2970,5,BG
2971,8,BG
2972,3,BG
2973,6,BG
2974,4,BG
2975,5,BG
2976,5,BG
2977,13,BG
2978,8,BG
2979,4,BG
2980,6,BG
2981,3,BG
2982,3,BG
2983,5,BG
2984,2,BG
2985,8,BG
2986,3,BG
2987,6,BG
2988,5,BG
2989,5,BG
2990,7,BG
2991,4,BG
2992,7,BG
2993,5,BG
2994,7,BG
2995,7,BG
2996,1,BG
2997,8,BG
2998,5,BG
2999,3,BG
3000,5,BG
3001,7,BG
3002,5,BG
3003,7,BG
3004,11,BG
3005,3,BG
3006,6,BG
3007,5,BG
3008,3,BG
3009,4,BG
3010,8,BG
3011,3,BG
3012,1,BG
3013,5,BG
3014,6,BG
3015,7,BG
3016,6,BG
3017,1,BG
3018,6,BG
3019,6,BG
3020,3,BG
3021,4,BG
3022,8,BG
3023,4,BG
3024,5,BG
3025,4,BG
3026,3,BG
3027,8,BG
3028,3,BG
3029,4,BG
3030,1,BG
3031,1,BG
3032,6,BG
3033,7,BG
3034,7,BG
3035,3,BG
3036,6,BG
3037,6,BG
3038,8,BG
3039,6,BG
3040,5,BG
3041,4,BG
3042,4,BG
3043,6,BG
3044,3,BG
3045,5,BG
3046,6,BG
3047,13,BG
3048,5,BG
3049,6,BG
3050,5,BG
3051,5,BG
3052,9,BG
3053,2,BG
3054,4,BG
3055,8,BG
3056,5,BG
3057,4,BG
3058,11,BG
3059,4,BG
3060,2,BG
3061,7,BG
3062,6,BG
3063,4,BG
3064,4,BG
3065,5,BG
3066,5,BG
3067,4,BG
3068,7,BG
3069,3,BG
3070,6,BG
3071,4,BG
3072,6,BG
3073,2,BG
3074,6,BG
3075,6,BG
3076,0,BG
3077,7,BG
3078,3,BG
3079,5,BG
3080,5,BG
3081,11,BG
3082,4,BG
3083,8,BG
3084,6,BG
3085,5,BG
3086,2,BG
3087,5,BG
3088,4,BG
3089,6,BG
3090,7,BG
3091,4,BG
3092,5,BG
3093,2,BG
3094,2,BG
3095,5,BG
3096,4,BG
3097,4,BG
3098,5,BG
3099,5,BG
3100,9,BG
3101,2,BG
3102,3,BG
3103,3,BG
3104,8,BG
3105,4,BG
3106,9,BG
3107,6,BG
3108,5,BG
3109,3,BG
3110,8,BG
3111,4,BG
3112,5,BG
3113,3,BG
3114,6,BG
3115,3,BG
3116,10,BG
3117,5,BG
3118,6,BG
3119,4,BG
3120,6,BG
3121,4,BG
3122,7,BG
3123,5,BG
3124,9,BG
3125,4,BG
3126,7,BG
3127,7,BG
3128,1,BG
3129,5,BG
3130,6,BG
3131,7,BG
3132,4,BG
3133,3,BG
3134,6,BG
3135,2,BG
3136,2,BG
3137,7,BG
3138,2,BG
3139,4,BG
3140,8,BG
3141,8,BG
3142,3,BG
3143,6,BG
3144,3,BG
3145,6,BG
3146,4,BG
3147,4,BG
3148,6,BG
3149,5,BG
3150,2,BG
3151,3,BG
3152,11,BG
3153,3,BG
3154,7,BG
3155,2,BG
3156,7,BG
3157,7,BG
3158,5,BG
3159,4,BG
3160,4,BG
3161,3,BG
3162,5,BG
3163,4,BG
3164,6,BG
3165,2,BG
3166,6,BG
3167,5,BG
3168,7,BG
3169,6,BG
3170,3,BG
3171,7,BG
3172,5,BG
3173,6,BG
3174,4,BG
3175,5,BG
3176,10,BG
3177,5,BG
3178,7,BG
3179,4,BG
3180,3,BG
3181,3,BG
3182,2,BG
3183,7,BG
3184,4,BG
3185,5,BG
3186,6,BG
3187,4,BG
3188,6,BG
3189,5,BG
3190,2,BG
3191,4,BG
3192,6,BG
3193,3,BG
3194,13,BG
3195,8,BG
3196,5,BG
3197,5,BG
3198,3,BG
3199,3,BG
3200,6,BG
3201,7,BG
3202,7,BG
3203,2,BG
3204,3,BG
3205,8,BG
3206,9,BG
3207,7,BG
3208,7,BG
3209,3,BG
3210,6,BG
3211,8,BG
3212,6,BG
3213,3,BG
3214,5,BG
3215,6,BG
3216,4,BG
3217,6,BG
3218,5,BG
3219,5,BG
3220,5,BG
3221,4,BG
3222,9,BG
3223,7,BG
3224,5,BG
3225,3,BG
3226,4,BG
3227,6,BG
3228,6,BG
3229,6,BG
3230,9,BG
3231,3,BG
3232,5,BG
3233,0,BG
3234,6,BG
3235,6,BG
3236,7,BG
3237,10,BG
3238,8,BG
3239,6,BG
3240,5,BG
3241,3,BG
3242,6,BG
3243,6,BG
3244,11,BG
3245,5,BG
3246,10,BG
3247,2,BG
3248,1,BG
3249,4,BG
3250,7,BG
3251,5,BG
3252,4,BG
3253,11,BG
3254,5,BG
3255,2,BG
3256,7,BG
3257,4,BG
3258,4,BG
3259,2,BG
3260,4,BG
3261,7,BG
3262,8,BG
3263,9,BG
3264,6,BG
3265,6,BG
3266,4,BG
3267,7,BG
3268,5,BG
3269,5,BG
3270,3,BG
3271,4,BG
3272,6,BG
3273,8,BG
3274,10,BG
3275,1,BG
3276,9,BG
3277,4,BG
3278,5,BG
3279,5,BG
3280,3,BG
3281,3,BG
3282,3,BG
3283,4,BG
3284,4,BG
3285,6,BG
3286,4,BG
3287,1,BG
3288,6,BG
3289,3,BG
3290,3,BG
3291,6,BG
3292,4,BG
3293,8,BG
3294,5,BG
3295,4,BG
3296,4,BG
3297,7,BG
3298,8,BG
3299,4,BG
3300,6,BG
3301,4,BG
3302,3,BG
3303,2,BG
3304,6,BG
3305,5,BG
3306,7,BG
3307,6,BG
3308,5,BG
3309,1,BG
3310,3,BG
3311,2,BG
3312,4,BG
3313,4,BG
3314,6,BG
3315,8,BG
3316,6,BG
3317,5,BG
3318,4,BG
3319,4,BG
3320,2,BG
3321,4,BG
3322,7,BG
3323,8,BG
3324,3,BG
3325,4,BG
3326,9,BG
3327,6,BG
3328,4,BG
3329,9,BG
3330,7,BG
3331,4,BG
3332,7,BG
3333,7,BG
3334,10,BG
3335,3,BG
3336,4,BG
3337,3,BG
3338,4,BG
3339,8,BG
3340,6,BG
3341,8,BG
3342,1,BG
3343,8,BG
3344,5,BG
3345,5,BG
3346,1,BG
3347,1,BG
3348,4,BG
3349,2,BG
3350,4,BG
3351,7,BG
3352,5,BG
3353,5,BG
3354,5,BG
3355,4,BG
3356,7,BG
3357,6,BG
3358,8,BG
3359,5,BG
3360,8,BG
3361,4,BG
3362,5,BG
3363,5,BG
3364,6,BG
3365,7,BG
3366,7,BG
3367,5,BG
3368,7,BG
3369,7,BG
3370,0,BG
3371,3,BG
3372,4,BG
3373,4,BG
3374,4,BG
3375,4,BG
3376,3,BG
3377,7,BG
3378,4,BG
3379,1,BG
3380,4,BG
3381,3,BG
3382,9,BG
3383,3,BG
3384,5,BG
3385,9,BG
3386,7,BG
3387,8,BG
3388,3,BG
3389,5,BG
3390,6,BG
3391,9,BG
3392,6,BG
3393,2,BG
3394,4,BG
3395,4,BG
3396,5,BG
3397,5,BG
3398,10,BG
3399,3,BG
3400,6,BG
3401,2,BG
3402,5,BG
3403,9,BG
3404,6,BG
3405,6,BG
3406,6,BG
3407,1,BG
3408,4,BG
3409,6,BG
3410,2,BG
3411,3,BG
3412,5,BG
3413,0,BG
3414,4,BG
3415,7,BG
3416,3,BG
3417,7,BG
3418,5,BG
3419,4,BG
3420,6,BG
3421,1,BG
3422,8,BG
3423,8,BG
3424,4,BG
3425,2,BG
3426,5,BG
3427,13,BG
3428,0,BG
3429,4,BG
3430,6,BG
3431,4,BG
3432,5,BG
3433,3,BG
3434,2,BG
3435,5,BG
3436,3,BG
3437,5,BG
3438,2,BG
3439,5,BG
3440,7,BG
3441,10,BG
3442,8,BG
3443,5,BG
3444,8,BG
3445,5,BG
3446,10,BG
3447,7,BG
3448,7,BG
3449,12,BG
3450,2,BG
3451,3,BG
3452,8,BG
3453,9,BG
3454,3,BG
3455,4,BG
3456,0,BG
3457,7,BG
3458,5,BG
3459,1,BG
3460,3,BG
3461,2,BG
3462,6,BG
3463,4,BG
3464,3,BG
3465,10,BG
3466,4,BG
3467,6,BG
3468,5,BG
3469,2,BG
3470,0,BG
3471,7,BG
3472,11,BG
3473,4,BG
3474,2,BG
3475,3,BG
3476,6,BG
3477,13,BG
3478,6,BG
3479,3,BG
3480,5,BG
3481,10,BG
3482,5,BG
3483,10,BG
3484,7,BG
3485,6,BG
3486,3,BG
3487,6,BG
3488,7,BG
3489,3,BG
3490,5,BG
3491,4,BG
3492,6,BG
3493,9,BG
3494,4,BG
3495,8,BG
3496,6,BG
3497,3,BG
3498,5,BG
3499,7,BG
3500,7,BG
3501,5,BG
3502,6,BG
3503,3,BG
3504,3,BG
3505,2,BG
3506,4,BG
3507,10,BG
3508,3,BG
3509,4,BG
3510,2,BG
3511,6,BG
3512,6,BG
3513,5,BG
3514,6,BG
3515,6,BG
3516,7,BG
3517,7,BG
3518,3,BG
3519,4,BG
3520,7,BG
3521,5,BG
3522,5,BG
3523,5,BG
3524,6,BG
3525,3,BG
3526,6,BG
3527,3,BG
3528,4,BG
3529,5,BG
3530,2,BG
3531,3,BG
3532,8,BG
3533,3,BG
3534,9,BG
3535,4,BG
3536,6,BG
3537,5,BG
3538,9,BG
3539,2,BG
3540,3,BG
3541,1,BG
3542,3,BG
3543,4,BG
3544,6,BG
3545,5,BG
3546,6,BG
3547,4,BG
3548,5,BG
3549,6,BG
3550,7,BG
3551,9,BG
3552,13,BG
3553,5,BG
3554,10,BG
3555,6,BG
3556,3,BG
3557,3,BG
3558,6,BG
3559,5,BG
3560,7,BG
3561,4,BG
3562,3,BG
3563,3,BG
3564,6,BG
3565,5,BG
3566,5,BG
3567,4,BG
3568,6,BG
3569,5,BG
3570,3,BG
3571,5,BG
3572,7,BG
3573,5,BG
3574,9,BG
3575,7,BG
3576,4,BG
3577,5,BG
3578,3,BG
3579,7,BG
3580,2,BG
3581,4,BG
3582,6,BG
3583,3,BG
3584,5,BG
3585,5,BG
3586,7,BG
3587,0,BG
3588,3,BG
3589,3,BG
3590,5,BG
3591,2,BG
3592,8,BG
3593,4,BG
3594,3,BG
3595,2,BG
3596,8,BG
3597,6,BG
3598,2,BG
3599,8,BG
